"municipio_dsg","nut3_dsg","nut2_dsg","a_pe","automóvel_ligeiro_como_condutor","automóvel_ligeiro_como_passageiro","autocarro","transporte_coletivo_da_empresa_ou_escola","metropolitano","comboio","motociclo","bicicleta","barco","outro","total","percentagem_a_pe","percentagem_automovel_ligeiro_como_condutor","percentagem_automovel_ligeiro_como_passageiro","percentagem_autocarro","percentagem_transporte_coletivo_da_empresa_ou_escola","percentagem_metropolitano","percentagem_comboio","percentagem_motociclo","percentagem_bicicleta","percentagem_barco","percentagem_outro"
"Fafe","Ave","Norte",5066,11757,4757,2905,2409,12,45,385,21,0,43,27400,18.5,42.9,17.4,10.6,8.8,0,0.2,1.4,0.1,0,0.2
"Caldas da Rainha","Oeste","Centro",5229,14080,5748,1808,859,37,71,279,128,0,73,28312,18.5,49.7,20.3,6.4,3,0.1,0.3,1,0.5,0,0.3
"Ribeira Grande","Região Autónoma dos Açores","Região Autónoma dos Açores",5463,6483,3578,1981,1622,0,0,67,22,18,92,19326,28.3,33.5,18.5,10.3,8.4,0,0,0.3,0.1,0.1,0.5
"Velas (R.A.A.)","Região Autónoma dos Açores","Região Autónoma dos Açores",601,1427,565,143,284,0,0,34,1,1,9,3065,19.6,46.6,18.4,4.7,9.3,0,0,1.1,0,0,0.3
"Torres Vedras","Oeste","Centro",6758,22233,8485,6065,2420,25,122,338,238,1,122,46807,14.4,47.5,18.1,13,5.2,0.1,0.3,0.7,0.5,0,0.3
"Almeida","Beira Interior Norte","Centro",786,1252,409,221,82,2,6,7,14,0,6,2785,28.2,45,14.7,7.9,2.9,0.1,0.2,0.3,0.5,0,0.2
"Calheta (R.A.M.)","Região Autónoma da Madeira","Região Autónoma da Madeira",911,2230,1005,500,808,0,0,38,1,8,10,5511,16.5,40.5,18.2,9.1,14.7,0,0,0.7,0,0.1,0.2
"Cadaval","Oeste","Centro",1173,3539,1163,701,485,8,45,98,20,0,36,7268,16.1,48.7,16,9.6,6.7,0.1,0.6,1.3,0.3,0,0.5
"Vila Verde","Cávado","Norte",3484,11729,5358,3788,1227,2,97,301,74,0,73,26133,13.3,44.9,20.5,14.5,4.7,0,0.4,1.2,0.3,0,0.3
"Castanheira de Pêra","Pinhal Interior Norte","Centro",220,645,201,171,50,0,0,21,3,0,2,1313,16.8,49.1,15.3,13,3.8,0,0,1.6,0.2,0,0.2
"Tabuaço","Douro","Norte",769,889,315,267,299,0,0,35,1,0,6,2581,29.8,34.4,12.2,10.3,11.6,0,0,1.4,0,0,0.2
"Loulé","Algarve","Algarve",8477,19100,7064,2056,1736,30,86,412,336,10,68,39375,21.5,48.5,17.9,5.2,4.4,0.1,0.2,1,0.9,0,0.2
"Ourém","Médio Tejo","Centro",3164,13196,4489,2364,996,15,151,410,123,0,40,24948,12.7,52.9,18,9.5,4,0.1,0.6,1.6,0.5,0,0.2
"São Pedro do Sul","Dão-Lafões","Centro",1205,3839,1326,739,557,2,0,154,16,0,21,7859,15.3,48.8,16.9,9.4,7.1,0,0,2,0.2,0,0.3
"Aljezur","Algarve","Algarve",600,1143,347,230,148,2,0,32,21,0,2,2525,23.8,45.3,13.7,9.1,5.9,0.1,0,1.3,0.8,0,0.1
"Mértola","Baixo Alentejo","Alentejo",731,1286,412,318,266,3,0,48,11,0,7,3082,23.7,41.7,13.4,10.3,8.6,0.1,0,1.6,0.4,0,0.2
"Nisa","Alto Alentejo","Alentejo",1045,1160,435,213,61,2,0,24,25,0,17,2982,35,38.9,14.6,7.1,2,0.1,0,0.8,0.8,0,0.6
"Lourinhã","Oeste","Centro",2056,6760,2625,1659,590,14,11,195,96,5,83,14094,14.6,48,18.6,11.8,4.2,0.1,0.1,1.4,0.7,0,0.6
"Oliveira do Hospital","Pinhal Interior Norte","Centro",1753,5036,2022,1159,533,3,8,156,34,0,39,10743,16.3,46.9,18.8,10.8,5,0,0.1,1.5,0.3,0,0.4
"Resende","Tâmega","Norte",954,1574,779,911,487,4,47,32,4,0,25,4817,19.8,32.7,16.2,18.9,10.1,0.1,1,0.7,0.1,0,0.5
"Odemira","Alentejo Litoral","Alentejo",2836,5196,1919,1122,1177,5,11,149,68,0,31,12514,22.7,41.5,15.3,9,9.4,0,0.1,1.2,0.5,0,0.2
"Pedrógão Grande","Pinhal Interior Norte","Centro",291,739,270,150,88,0,0,32,1,0,4,1575,18.5,46.9,17.1,9.5,5.6,0,0,2,0.1,0,0.3
"Cartaxo","Lezíria do Tejo","Alentejo",2158,6409,2555,929,479,6,693,113,128,0,35,13505,16,47.5,18.9,6.9,3.5,0,5.1,0.8,0.9,0,0.3
"Vizela","Ave","Norte",3926,5617,2882,1274,873,4,143,235,12,0,22,14988,26.2,37.5,19.2,8.5,5.8,0,1,1.6,0.1,0,0.1
"Santo Tirso","Ave","Norte",7143,18860,7261,4474,1142,19,620,725,63,1,54,40362,17.7,46.7,18,11.1,2.8,0,1.5,1.8,0.2,0,0.1
"Alpiarça","Lezíria do Tejo","Alentejo",565,1946,864,183,147,4,56,94,93,0,15,3967,14.2,49.1,21.8,4.6,3.7,0.1,1.4,2.4,2.3,0,0.4
"Ribeira Brava","Região Autónoma da Madeira","Região Autónoma da Madeira",1110,2701,1367,1333,844,0,0,33,2,1,21,7412,15,36.4,18.4,18,11.4,0,0,0.4,0,0,0.3
"Guimarães","Ave","Norte",17547,41495,18398,12849,4206,21,468,1027,123,0,152,96286,18.2,43.1,19.1,13.3,4.4,0,0.5,1.1,0.1,0,0.2
"Espinho","Grande Porto","Norte",4230,6523,2685,968,427,41,1213,236,130,0,14,16467,25.7,39.6,16.3,5.9,2.6,0.2,7.4,1.4,0.8,0,0.1
"Vinhais","Alto Trás-os-Montes","Norte",696,1222,418,266,216,0,0,16,1,0,21,2856,24.4,42.8,14.6,9.3,7.6,0,0,0.6,0,0,0.7
"Vimioso","Alto Trás-os-Montes","Norte",568,620,192,123,60,0,0,4,3,0,6,1576,36,39.3,12.2,7.8,3.8,0,0,0.3,0.2,0,0.4
"Olhão","Algarve","Algarve",6289,11130,4647,1080,446,9,538,345,451,129,30,25094,25.1,44.4,18.5,4.3,1.8,0,2.1,1.4,1.8,0.5,0.1
"Vagos","Baixo Vouga","Centro",901,6741,2491,1057,555,1,75,388,609,1,46,12865,7,52.4,19.4,8.2,4.3,0,0.6,3,4.7,0,0.4
"Vila da Praia da Vitória","Região Autónoma dos Açores","Região Autónoma dos Açores",1333,6367,2533,1477,744,0,0,70,40,1,41,12606,10.6,50.5,20.1,11.7,5.9,0,0,0.6,0.3,0,0.3
"Miranda do Douro","Alto Trás-os-Montes","Norte",829,1368,445,269,162,3,0,17,15,0,9,3117,26.6,43.9,14.3,8.6,5.2,0.1,0,0.5,0.5,0,0.3
"Aljustrel","Baixo Alentejo","Alentejo",1206,1874,543,422,299,4,0,18,23,0,6,4395,27.4,42.6,12.4,9.6,6.8,0.1,0,0.4,0.5,0,0.1
"Póvoa de Lanhoso","Ave","Norte",1902,4797,1985,1717,1035,2,23,143,10,1,30,11645,16.3,41.2,17,14.7,8.9,0,0.2,1.2,0.1,0,0.3
"Alvaiázere","Pinhal Interior Norte","Centro",306,1580,497,279,245,1,0,67,15,0,4,2994,10.2,52.8,16.6,9.3,8.2,0,0,2.2,0.5,0,0.1
"Nordeste","Região Autónoma dos Açores","Região Autónoma dos Açores",638,911,278,106,766,0,0,4,0,0,30,2733,23.3,33.3,10.2,3.9,28,0,0,0.1,0,0,1.1
"Amarante","Tâmega","Norte",3860,12061,5496,3499,3904,19,226,404,11,0,101,29581,13,40.8,18.6,11.8,13.2,0.1,0.8,1.4,0,0,0.3
"Moimenta da Beira","Douro","Norte",1037,1997,811,574,309,1,0,9,12,0,4,4754,21.8,42,17.1,12.1,6.5,0,0,0.2,0.3,0,0.1
"Câmara de Lobos","Região Autónoma da Madeira","Região Autónoma da Madeira",3884,5937,3579,6315,1569,0,0,99,6,8,28,21425,18.1,27.7,16.7,29.5,7.3,0,0,0.5,0,0,0.1
"Mirandela","Alto Trás-os-Montes","Norte",2977,5088,1943,877,315,9,0,54,16,0,83,11362,26.2,44.8,17.1,7.7,2.8,0.1,0,0.5,0.1,0,0.7
"Batalha","Pinhal Litoral","Centro",770,5542,2069,639,250,7,0,128,83,0,19,9507,8.1,58.3,21.8,6.7,2.6,0.1,0,1.3,0.9,0,0.2
"Vila Nova da Barquinha","Médio Tejo","Centro",549,1827,705,194,85,3,234,67,41,0,3,3708,14.8,49.3,19,5.2,2.3,0.1,6.3,1.8,1.1,0,0.1
"Arcos de Valdevez","Minho-Lima","Norte",1570,4315,1763,1001,500,4,0,113,6,0,35,9307,16.9,46.4,18.9,10.8,5.4,0,0,1.2,0.1,0,0.4
"Alcochete","Península de Setúbal","Lisboa",1864,4816,2036,1522,324,16,25,83,53,320,21,11080,16.8,43.5,18.4,13.7,2.9,0.1,0.2,0.7,0.5,2.9,0.2
"Oeiras","Grande Lisboa","Lisboa",12380,47029,18739,14340,773,638,9004,935,98,59,238,104233,11.9,45.1,18,13.8,0.7,0.6,8.6,0.9,0.1,0.1,0.2
"Mação","Pinhal Interior Sul","Centro",685,1307,450,239,153,0,16,30,11,1,11,2903,23.6,45,15.5,8.2,5.3,0,0.6,1,0.4,0,0.4
"Ovar","Baixo Vouga","Centro",5212,14465,6291,2214,622,16,1700,792,935,0,78,32325,16.1,44.7,19.5,6.8,1.9,0,5.3,2.5,2.9,0,0.2
"Valpaços","Alto Trás-os-Montes","Norte",1754,2423,899,758,255,9,0,49,3,0,86,6236,28.1,38.9,14.4,12.2,4.1,0.1,0,0.8,0,0,1.4
"Setúbal","Península de Setúbal","Lisboa",12573,28956,12116,9030,2390,44,2868,534,224,198,95,69028,18.2,41.9,17.6,13.1,3.5,0.1,4.2,0.8,0.3,0.3,0.1
"Borba","Alentejo Central","Alentejo",885,1599,533,209,325,4,0,37,16,1,12,3621,24.4,44.2,14.7,5.8,9,0.1,0,1,0.4,0,0.3
"Loures","Grande Lisboa","Lisboa",17084,47911,18146,31793,1816,3452,2192,720,107,16,231,123468,13.8,38.8,14.7,25.7,1.5,2.8,1.8,0.6,0.1,0,0.2
"Vila do Conde","Grande Porto","Norte",7394,20084,8248,3594,2027,2336,114,1351,292,16,106,45562,16.2,44.1,18.1,7.9,4.4,5.1,0.3,3,0.6,0,0.2
"Fornos de Algodres","Serra da Estrela","Centro",436,893,310,177,166,0,0,19,2,0,13,2016,21.6,44.3,15.4,8.8,8.2,0,0,0.9,0.1,0,0.6
"Vidigueira","Baixo Alentejo","Alentejo",845,1244,414,308,164,0,0,18,18,0,7,3018,28,41.2,13.7,10.2,5.4,0,0,0.6,0.6,0,0.2
"Odivelas","Grande Lisboa","Lisboa",11740,32773,11777,16270,1133,14067,508,530,52,11,198,89059,13.2,36.8,13.2,18.3,1.3,15.8,0.6,0.6,0.1,0,0.2
"Faro","Algarve","Algarve",9555,17334,6598,2054,748,20,97,545,267,222,44,37484,25.5,46.2,17.6,5.5,2,0.1,0.3,1.5,0.7,0.6,0.1
"Póvoa de Varzim","Grande Porto","Norte",8049,14971,6940,2751,852,1202,80,854,577,10,171,36457,22.1,41.1,19,7.5,2.3,3.3,0.2,2.3,1.6,0,0.5
"Constância","Médio Tejo","Centro",393,1008,392,215,53,2,57,53,37,0,2,2212,17.8,45.6,17.7,9.7,2.4,0.1,2.6,2.4,1.7,0,0.1
"Sines","Alentejo Litoral","Alentejo",2095,3744,1497,409,525,14,9,61,65,2,12,8433,24.8,44.4,17.8,4.8,6.2,0.2,0.1,0.7,0.8,0,0.1
"Corvo","Região Autónoma dos Açores","Região Autónoma dos Açores",181,56,16,1,1,0,0,4,0,0,0,259,69.9,21.6,6.2,0.4,0.4,0,0,1.5,0,0,0
"Lajes das Flores","Região Autónoma dos Açores","Região Autónoma dos Açores",156,389,152,93,59,0,0,9,0,0,8,866,18,44.9,17.6,10.7,6.8,0,0,1,0,0,0.9
"Madalena","Região Autónoma dos Açores","Região Autónoma dos Açores",435,1666,814,143,325,0,0,38,9,27,7,3464,12.6,48.1,23.5,4.1,9.4,0,0,1.1,0.3,0.8,0.2
"Crato","Alto Alentejo","Alentejo",530,613,204,135,68,2,0,15,4,0,1,1572,33.7,39,13,8.6,4.3,0.1,0,1,0.3,0,0.1
"Santa Marta de Penaguião","Douro","Norte",799,1248,589,369,290,4,9,19,1,0,14,3342,23.9,37.3,17.6,11,8.7,0.1,0.3,0.6,0,0,0.4
"Vila Nova de Cerveira","Minho-Lima","Norte",612,2412,950,376,209,1,63,82,13,0,13,4731,12.9,51,20.1,7.9,4.4,0,1.3,1.7,0.3,0,0.3
"Gondomar","Grande Porto","Norte",12703,40489,18106,19584,1983,3128,1195,602,107,3,204,98104,12.9,41.3,18.5,20,2,3.2,1.2,0.6,0.1,0,0.2
"Cuba","Baixo Alentejo","Alentejo",745,949,410,152,98,1,53,13,39,0,13,2473,30.1,38.4,16.6,6.1,4,0,2.1,0.5,1.6,0,0.5
"Mourão","Alentejo Central","Alentejo",564,387,151,110,18,0,0,7,7,0,3,1247,45.2,31,12.1,8.8,1.4,0,0,0.6,0.6,0,0.2
"Almada","Península de Setúbal","Lisboa",15860,34152,14283,17817,1356,3666,7642,800,230,1841,409,98056,16.2,34.8,14.6,18.2,1.4,3.7,7.8,0.8,0.2,1.9,0.4
"Celorico de Basto","Tâmega","Norte",1082,3545,1356,1374,1249,4,19,132,6,0,30,8797,12.3,40.3,15.4,15.6,14.2,0,0.2,1.5,0.1,0,0.3
"Ílhavo","Baixo Vouga","Centro",2253,11280,4152,1237,208,9,266,735,2160,18,39,22357,10.1,50.5,18.6,5.5,0.9,0,1.2,3.3,9.7,0.1,0.2
"Lousada","Tâmega","Norte",4842,11068,5573,2854,3003,9,715,657,47,0,59,28827,16.8,38.4,19.3,9.9,10.4,0,2.5,2.3,0.2,0,0.2
"Ribeira de Pena","Tâmega","Norte",614,988,394,325,428,0,0,32,5,0,3,2789,22,35.4,14.1,11.7,15.3,0,0,1.1,0.2,0,0.1
"Óbidos","Oeste","Centro",496,3398,1182,811,247,8,10,57,24,0,39,6272,7.9,54.2,18.8,12.9,3.9,0.1,0.2,0.9,0.4,0,0.6
"Freixo de Espada à Cinta","Douro","Norte",615,489,254,117,10,0,0,4,2,0,3,1494,41.2,32.7,17,7.8,0.7,0,0,0.3,0.1,0,0.2
"Angra do Heroísmo","Região Autónoma dos Açores","Região Autónoma dos Açores",3125,10082,4930,2309,878,0,0,133,20,5,60,21542,14.5,46.8,22.9,10.7,4.1,0,0,0.6,0.1,0,0.3
"Porto Moniz","Região Autónoma da Madeira","Região Autónoma da Madeira",442,511,147,173,113,0,0,6,0,0,0,1392,31.8,36.7,10.6,12.4,8.1,0,0,0.4,0,0,0
"Elvas","Alto Alentejo","Alentejo",2993,5061,2607,452,266,7,9,51,29,0,15,11490,26,44,22.7,3.9,2.3,0.1,0.1,0.4,0.3,0,0.1
"Castro Daire","Dão-Lafões","Centro",1357,2558,901,975,489,3,0,56,10,1,18,6368,21.3,40.2,14.1,15.3,7.7,0,0,0.9,0.2,0,0.3
"Marco de Canaveses","Tâmega","Norte",5140,9723,5229,3389,2286,22,511,412,39,1,96,26848,19.1,36.2,19.5,12.6,8.5,0.1,1.9,1.5,0.1,0,0.4
"Alcácer do Sal","Alentejo Litoral","Alentejo",1654,2951,1127,550,342,5,9,95,42,7,22,6804,24.3,43.4,16.6,8.1,5,0.1,0.1,1.4,0.6,0.1,0.3
"Aveiro","Baixo Vouga","Centro",6755,24077,9118,3367,462,16,964,1197,1351,104,80,47491,14.2,50.7,19.2,7.1,1,0,2,2.5,2.8,0.2,0.2
"Moita","Península de Setúbal","Lisboa",7800,12833,4868,5585,1099,222,1579,176,207,2735,68,37172,21,34.5,13.1,15,3,0.6,4.2,0.5,0.6,7.4,0.2
"Guarda","Beira Interior Norte","Centro",4191,12257,4720,1888,468,9,29,81,11,0,48,23702,17.7,51.7,19.9,8,2,0,0.1,0.3,0,0,0.2
"Vila Nova de Famalicão","Ave","Norte",12061,38720,16095,6840,3872,39,1495,1210,213,0,147,80692,14.9,48,19.9,8.5,4.8,0,1.9,1.5,0.3,0,0.2
"Sardoal","Médio Tejo","Centro",403,873,285,160,87,1,16,35,7,0,1,1868,21.6,46.7,15.3,8.6,4.7,0.1,0.9,1.9,0.4,0,0.1
"Sesimbra","Península de Setúbal","Lisboa",4472,13031,5333,2588,820,40,2798,403,135,110,60,29790,15,43.7,17.9,8.7,2.8,0.1,9.4,1.4,0.5,0.4,0.2
"Sintra","Grande Lisboa","Lisboa",37004,92516,37831,24609,3648,1349,41058,1476,337,15,348,240191,15.4,38.5,15.8,10.2,1.5,0.6,17.1,0.6,0.1,0,0.1
"Monchique","Algarve","Algarve",573,1264,378,238,114,1,0,28,10,0,9,2615,21.9,48.3,14.5,9.1,4.4,0,0,1.1,0.4,0,0.3
"Santa Cruz","Região Autónoma da Madeira","Região Autónoma da Madeira",2265,13173,7405,4374,676,0,0,209,3,2,52,28159,8,46.8,26.3,15.5,2.4,0,0,0.7,0,0,0.2
"Portel","Alentejo Central","Alentejo",903,1138,478,387,154,2,0,28,23,0,3,3116,29,36.5,15.3,12.4,4.9,0.1,0,0.9,0.7,0,0.1
"Alvito","Baixo Alentejo","Alentejo",477,414,160,83,69,1,24,11,5,0,2,1246,38.3,33.2,12.8,6.7,5.5,0.1,1.9,0.9,0.4,0,0.2
"Vila Flor","Douro","Norte",790,1280,400,328,138,0,0,21,1,0,17,2975,26.6,43,13.4,11,4.6,0,0,0.7,0,0,0.6
"Penamacor","Beira Interior Sul","Centro",552,739,235,222,116,1,0,5,5,0,3,1878,29.4,39.4,12.5,11.8,6.2,0.1,0,0.3,0.3,0,0.2
"Vila do Porto","Região Autónoma dos Açores","Região Autónoma dos Açores",574,1613,716,172,98,0,0,106,2,0,4,3285,17.5,49.1,21.8,5.2,3,0,0,3.2,0.1,0,0.1
"Caminha","Minho-Lima","Norte",1611,3887,1680,386,304,6,174,103,55,0,13,8219,19.6,47.3,20.4,4.7,3.7,0.1,2.1,1.3,0.7,0,0.2
"São João da Madeira","Entre Douro e Vouga","Norte",3681,6047,2804,422,94,9,61,111,29,0,17,13275,27.7,45.6,21.1,3.2,0.7,0.1,0.5,0.8,0.2,0,0.1
"Gavião","Alto Alentejo","Alentejo",519,479,167,138,113,3,8,13,6,0,1,1447,35.9,33.1,11.5,9.5,7.8,0.2,0.6,0.9,0.4,0,0.1
"Covilhã","Cova da Beira","Centro",4541,12921,4935,3382,623,9,25,134,25,0,77,26672,17,48.4,18.5,12.7,2.3,0,0.1,0.5,0.1,0,0.3
"Arronches","Alto Alentejo","Alentejo",458,587,159,106,70,0,0,17,3,0,0,1400,32.7,41.9,11.4,7.6,5,0,0,1.2,0.2,0,0
"Vale de Cambra","Entre Douro e Vouga","Norte",1602,6534,2597,678,411,5,12,301,17,1,36,12194,13.1,53.6,21.3,5.6,3.4,0,0.1,2.5,0.1,0,0.3
"Belmonte","Cova da Beira","Centro",639,1584,584,334,54,1,0,23,7,0,11,3237,19.7,48.9,18,10.3,1.7,0,0,0.7,0.2,0,0.3
"Idanha-a-Nova","Beira Interior Sul","Centro",1013,1325,468,375,113,1,0,23,11,0,11,3340,30.3,39.7,14,11.2,3.4,0,0,0.7,0.3,0,0.3
"Oliveira de Azeméis","Entre Douro e Vouga","Norte",6426,20449,9278,2546,652,17,147,1085,230,3,81,40914,15.7,50,22.7,6.2,1.6,0,0.4,2.7,0.6,0,0.2
"Avis","Alto Alentejo","Alentejo",672,815,279,167,84,2,0,39,15,0,10,2083,32.3,39.1,13.4,8,4,0.1,0,1.9,0.7,0,0.5
"Almodôvar","Baixo Alentejo","Alentejo",1041,1385,346,284,250,1,0,26,29,0,3,3365,30.9,41.2,10.3,8.4,7.4,0,0,0.8,0.9,0,0.1
"Torres Novas","Médio Tejo","Centro",2591,10526,3955,1398,332,22,478,342,116,0,59,19819,13.1,53.1,20,7.1,1.7,0.1,2.4,1.7,0.6,0,0.3
"Carrazeda de Ansiães","Douro","Norte",688,928,419,281,106,1,0,16,3,1,2,2445,28.1,38,17.1,11.5,4.3,0,0,0.7,0.1,0,0.1
"Águeda","Baixo Vouga","Centro",2501,14852,5684,1404,735,4,365,1326,528,0,68,27467,9.1,54.1,20.7,5.1,2.7,0,1.3,4.8,1.9,0,0.2
"Castro Marim","Algarve","Algarve",539,1559,557,312,101,2,27,53,38,1,3,3192,16.9,48.8,17.4,9.8,3.2,0.1,0.8,1.7,1.2,0,0.1
"Barcelos","Cávado","Norte",10933,30666,12686,8095,4151,36,813,1417,273,0,183,69253,15.8,44.3,18.3,11.7,6,0.1,1.2,2,0.4,0,0.3
"Arouca","Entre Douro e Vouga","Norte",1783,5404,2337,1403,678,7,7,382,21,0,89,12111,14.7,44.6,19.3,11.6,5.6,0.1,0.1,3.2,0.2,0,0.7
"Ponta do Sol","Região Autónoma da Madeira","Região Autónoma da Madeira",817,1850,933,602,532,0,0,25,3,4,7,4773,17.1,38.8,19.5,12.6,11.1,0,0,0.5,0.1,0.1,0.1
"Vila Velha de Ródão","Beira Interior Sul","Centro",241,583,203,135,30,0,0,16,8,0,8,1224,19.7,47.6,16.6,11,2.5,0,0,1.3,0.7,0,0.7
"Chaves","Alto Trás-os-Montes","Norte",3583,9171,3670,1720,543,16,4,74,40,0,47,18868,19,48.6,19.5,9.1,2.9,0.1,0,0.4,0.2,0,0.2
"Cantanhede","Baixo Mondego","Centro",1934,9834,3553,1449,544,3,74,524,703,0,92,18710,10.3,52.6,19,7.7,2.9,0,0.4,2.8,3.8,0,0.5
"Figueira de Castelo Rodrigo","Beira Interior Norte","Centro",732,1006,379,246,95,0,0,27,7,1,32,2525,29,39.8,15,9.7,3.8,0,0,1.1,0.3,0,1.3
"Murça","Alto Trás-os-Montes","Norte",571,1048,384,268,176,0,0,8,2,0,7,2464,23.2,42.5,15.6,10.9,7.1,0,0,0.3,0.1,0,0.3
"Funchal","Região Autónoma da Madeira","Região Autónoma da Madeira",8765,24968,13899,16461,807,0,0,1082,16,7,90,66095,13.3,37.8,21,24.9,1.2,0,0,1.6,0,0,0.1
"Tondela","Dão-Lafões","Centro",1841,7012,2345,1396,623,2,13,418,150,0,39,13839,13.3,50.7,16.9,10.1,4.5,0,0.1,3,1.1,0,0.3
"Peniche","Oeste","Centro",3939,6521,2435,1054,319,15,9,242,271,1,33,14839,26.5,43.9,16.4,7.1,2.1,0.1,0.1,1.6,1.8,0,0.2
"Fundão","Cova da Beira","Centro",3334,6391,2338,1081,510,7,62,82,14,0,49,13868,24,46.1,16.9,7.8,3.7,0.1,0.4,0.6,0.1,0,0.4
"Sousel","Alentejo Central","Alentejo",619,1079,347,191,106,0,0,19,44,0,10,2415,25.6,44.7,14.4,7.9,4.4,0,0,0.8,1.8,0,0.4
"Vouzela","Dão-Lafões","Centro",613,2448,810,839,273,0,0,114,9,1,28,5135,11.9,47.7,15.8,16.3,5.3,0,0,2.2,0.2,0,0.5
"Ponte de Lima","Minho-Lima","Norte",2668,9682,3973,3220,2403,9,58,220,67,0,78,22378,11.9,43.3,17.8,14.4,10.7,0,0.3,1,0.3,0,0.3
"Azambuja","Lezíria do Tejo","Alentejo",1924,5016,1983,902,535,11,1274,91,62,0,29,11827,16.3,42.4,16.8,7.6,4.5,0.1,10.8,0.8,0.5,0,0.2
"Trofa","Ave","Norte",3610,11093,4351,1824,754,187,801,402,105,1,31,23159,15.6,47.9,18.8,7.9,3.3,0.8,3.5,1.7,0.5,0,0.1
"Carregal do Sal","Dão-Lafões","Centro",712,2293,913,461,107,3,16,129,41,0,18,4693,15.2,48.9,19.5,9.8,2.3,0.1,0.3,2.7,0.9,0,0.4
"Silves","Algarve","Algarve",3564,9674,3532,1258,1058,4,152,187,121,0,32,19582,18.2,49.4,18,6.4,5.4,0,0.8,1,0.6,0,0.2
"Santiago do Cacém","Alentejo Litoral","Alentejo",3191,7883,2633,989,1062,10,10,60,94,2,69,16003,19.9,49.3,16.5,6.2,6.6,0.1,0.1,0.4,0.6,0,0.4
"Chamusca","Lezíria do Tejo","Alentejo",887,2314,694,474,416,5,68,133,74,0,7,5072,17.5,45.6,13.7,9.3,8.2,0.1,1.3,2.6,1.5,0,0.1
"Celorico da Beira","Beira Interior Norte","Centro",726,1629,685,345,158,0,0,27,1,0,24,3595,20.2,45.3,19.1,9.6,4.4,0,0,0.8,0,0,0.7
"Felgueiras","Tâmega","Norte",7713,13732,7282,3090,3197,8,209,755,46,0,122,36154,21.3,38,20.1,8.5,8.8,0,0.6,2.1,0.1,0,0.3
"Mangualde","Dão-Lafões","Centro",1286,5080,2209,832,220,4,29,139,22,0,42,9863,13,51.5,22.4,8.4,2.2,0,0.3,1.4,0.2,0,0.4
"Alcoutim","Algarve","Algarve",294,417,120,88,117,0,0,13,1,0,3,1053,27.9,39.6,11.4,8.4,11.1,0,0,1.2,0.1,0,0.3
"Castelo Branco","Beira Interior Sul","Centro",7273,14617,5469,2119,460,21,52,134,56,1,45,30247,24,48.3,18.1,7,1.5,0.1,0.2,0.4,0.2,0,0.1
"Pampilhosa da Serra","Pinhal Interior Norte","Centro",322,635,257,111,67,0,0,25,1,0,3,1421,22.7,44.7,18.1,7.8,4.7,0,0,1.8,0.1,0,0.2
"Pinhel","Beira Interior Norte","Centro",1013,1814,574,398,147,0,15,21,4,0,61,4047,25,44.8,14.2,9.8,3.6,0,0.4,0.5,0.1,0,1.5
"Vila Nova de Foz Côa","Douro","Norte",916,1197,511,203,216,4,14,10,7,0,30,3108,29.5,38.5,16.4,6.5,6.9,0.1,0.5,0.3,0.2,0,1
"Alenquer","Oeste","Centro",3422,12283,4485,2973,1264,12,876,207,99,0,66,25687,13.3,47.8,17.5,11.6,4.9,0,3.4,0.8,0.4,0,0.3
"Valença","Minho-Lima","Norte",1014,3558,1385,563,197,4,71,104,27,0,16,6939,14.6,51.3,20,8.1,2.8,0.1,1,1.5,0.4,0,0.2
"Trancoso","Beira Interior Norte","Centro",847,2063,745,399,191,0,14,22,5,0,23,4309,19.7,47.9,17.3,9.3,4.4,0,0.3,0.5,0.1,0,0.5
"São Brás de Alportel","Algarve","Algarve",974,3264,1165,267,152,2,6,83,57,0,10,5980,16.3,54.6,19.5,4.5,2.5,0,0.1,1.4,1,0,0.2
"Albergaria-a-Velha","Baixo Vouga","Centro",1675,7716,2841,1078,340,5,109,535,155,0,44,14498,11.6,53.2,19.6,7.4,2.3,0,0.8,3.7,1.1,0,0.3
"Maia","Grande Porto","Norte",9441,41221,17534,8556,1308,4000,967,767,136,1,177,84108,11.2,49,20.8,10.2,1.6,4.8,1.1,0.9,0.2,0,0.2
"Vila Franca de Xira","Grande Lisboa","Lisboa",14942,35231,13169,10404,1798,361,12280,459,144,40,168,88996,16.8,39.6,14.8,11.7,2,0.4,13.8,0.5,0.2,0,0.2
"Cascais","Grande Lisboa","Lisboa",13814,56076,25503,10800,1169,464,13976,1276,291,16,172,123557,11.2,45.4,20.6,8.7,0.9,0.4,11.3,1,0.2,0,0.1
"Lisboa","Grande Lisboa","Lisboa",51586,103974,41404,59224,2791,35451,4872,2882,587,222,1842,304835,16.9,34.1,13.6,19.4,0.9,11.6,1.6,0.9,0.2,0.1,0.6
"Pombal","Pinhal Litoral","Centro",3086,14885,5311,2235,1467,8,276,454,349,0,141,28212,10.9,52.8,18.8,7.9,5.2,0,1,1.6,1.2,0,0.5
"Sever do Vouga","Baixo Vouga","Centro",643,3489,1253,531,334,1,12,154,8,0,19,6444,10,54.1,19.4,8.2,5.2,0,0.2,2.4,0.1,0,0.3
"Grândola","Alentejo Litoral","Alentejo",1765,3318,1208,454,255,4,17,75,157,2,34,7289,24.2,45.5,16.6,6.2,3.5,0.1,0.2,1,2.2,0,0.5
"Ansião","Pinhal Interior Norte","Centro",772,3363,1060,438,505,3,16,78,20,0,10,6265,12.3,53.7,16.9,7,8.1,0,0.3,1.2,0.3,0,0.2
"Figueira da Foz","Baixo Mondego","Centro",4182,15635,6217,2436,1202,11,421,729,461,2,63,31359,13.3,49.9,19.8,7.8,3.8,0,1.3,2.3,1.5,0,0.2
"Portalegre","Alto Alentejo","Alentejo",2286,6712,2782,1125,263,6,5,95,11,1,12,13298,17.2,50.5,20.9,8.5,2,0,0,0.7,0.1,0,0.1
"São Vicente","Região Autónoma da Madeira","Região Autónoma da Madeira",480,1114,434,396,262,0,0,5,0,0,3,2694,17.8,41.4,16.1,14.7,9.7,0,0,0.2,0,0,0.1
"Braga","Cávado","Norte",20791,52160,22737,13364,2895,46,1275,585,196,0,156,114205,18.2,45.7,19.9,11.7,2.5,0,1.1,0.5,0.2,0,0.1
"Sabugal","Beira Interior Norte","Centro",1207,2098,584,367,117,1,12,23,8,0,32,4449,27.1,47.2,13.1,8.2,2.6,0,0.3,0.5,0.2,0,0.7
"Terras de Bouro","Cávado","Norte",556,1157,443,534,348,0,16,59,2,0,11,3126,17.8,37,14.2,17.1,11.1,0,0.5,1.9,0.1,0,0.4
"Vieira do Minho","Ave","Norte",854,2358,1005,754,487,0,10,52,4,0,41,5565,15.3,42.4,18.1,13.5,8.8,0,0.2,0.9,0.1,0,0.7
"Palmela","Península de Setúbal","Lisboa",4864,16776,6740,3342,1353,46,2684,368,174,117,73,36537,13.3,45.9,18.4,9.1,3.7,0.1,7.3,1,0.5,0.3,0.2
"Sabrosa","Douro","Norte",582,1222,542,294,234,2,0,16,4,0,11,2907,20,42,18.6,10.1,8,0.1,0,0.6,0.1,0,0.4
"Serpa","Baixo Alentejo","Alentejo",2488,2575,1003,640,266,5,0,55,94,0,29,7155,34.8,36,14,8.9,3.7,0.1,0,0.8,1.3,0,0.4
"Vila Pouca de Aguiar","Alto Trás-os-Montes","Norte",1139,2216,787,750,547,3,0,45,5,0,15,5507,20.7,40.2,14.3,13.6,9.9,0.1,0,0.8,0.1,0,0.3
"Boticas","Alto Trás-os-Montes","Norte",525,950,275,422,97,2,0,14,4,0,7,2296,22.9,41.4,12,18.4,4.2,0.1,0,0.6,0.2,0,0.3
"Santa Cruz da Graciosa (R.A.A.)","Região Autónoma dos Açores","Região Autónoma dos Açores",385,1118,464,211,116,0,0,56,12,0,8,2370,16.2,47.2,19.6,8.9,4.9,0,0,2.4,0.5,0,0.3
"Mortágua","Dão-Lafões","Centro",574,2301,711,282,292,0,48,160,43,0,14,4425,13,52,16.1,6.4,6.6,0,1.1,3.6,1,0,0.3
"Condeixa-a-Nova","Baixo Mondego","Centro",768,5860,2458,695,163,2,36,123,33,0,42,10180,7.5,57.6,24.1,6.8,1.6,0,0.4,1.2,0.3,0,0.4
"Lajes do Pico","Região Autónoma dos Açores","Região Autónoma dos Açores",387,1154,406,155,346,0,0,26,4,2,5,2485,15.6,46.4,16.3,6.2,13.9,0,0,1,0.2,0.1,0.2
"Redondo","Alentejo Central","Alentejo",1110,1454,647,254,189,0,0,45,27,0,13,3739,29.7,38.9,17.3,6.8,5.1,0,0,1.2,0.7,0,0.3
"Cinfães","Tâmega","Norte",1613,2513,1344,1398,717,9,46,47,5,3,43,7738,20.8,32.5,17.4,18.1,9.3,0.1,0.6,0.6,0.1,0,0.6
"Bragança","Alto Trás-os-Montes","Norte",3851,9380,3842,751,306,11,0,54,20,0,77,18292,21.1,51.3,21,4.1,1.7,0.1,0,0.3,0.1,0,0.4
"Vila Nova de Gaia","Grande Porto","Norte",23804,75609,33353,24958,2711,7336,3532,1824,409,11,394,173941,13.7,43.5,19.2,14.3,1.6,4.2,2,1,0.2,0,0.2
"Beja","Baixo Alentejo","Alentejo",4945,9332,3714,1428,450,19,11,91,47,0,36,20073,24.6,46.5,18.5,7.1,2.2,0.1,0.1,0.5,0.2,0,0.2
"Ponta Delgada","Região Autónoma dos Açores","Região Autónoma dos Açores",6988,19970,10248,4949,1708,0,0,328,65,2,167,44425,15.7,45,23.1,11.1,3.8,0,0,0.7,0.1,0,0.4
"Vendas Novas","Alentejo Central","Alentejo",1145,3135,1464,192,195,4,25,101,130,2,15,6408,17.9,48.9,22.8,3,3,0.1,0.4,1.6,2,0,0.2
"Amadora","Grande Lisboa","Lisboa",17607,34005,12959,17188,1068,7208,10402,553,68,31,165,101254,17.4,33.6,12.8,17,1.1,7.1,10.3,0.5,0.1,0,0.2
"Arraiolos","Alentejo Central","Alentejo",1047,1721,739,341,120,2,0,43,30,0,25,4068,25.7,42.3,18.2,8.4,2.9,0,0,1.1,0.7,0,0.6
"Tarouca","Douro","Norte",704,1448,563,585,219,1,9,21,7,0,12,3569,19.7,40.6,15.8,16.4,6.1,0,0.3,0.6,0.2,0,0.3
"Mafra","Grande Lisboa","Lisboa",5497,24668,10231,5788,1780,77,146,273,134,0,144,48738,11.3,50.6,21,11.9,3.7,0.2,0.3,0.6,0.3,0,0.3
"Viseu","Dão-Lafões","Centro",7471,29278,12681,5120,1166,31,25,381,122,0,105,56380,13.3,51.9,22.5,9.1,2.1,0.1,0,0.7,0.2,0,0.2
"Valongo","Grande Porto","Norte",9232,24033,10081,7366,1030,300,3590,355,103,2,91,56183,16.4,42.8,17.9,13.1,1.8,0.5,6.4,0.6,0.2,0,0.2
"Santana","Região Autónoma da Madeira","Região Autónoma da Madeira",772,1538,689,399,249,0,0,33,0,0,7,3687,20.9,41.7,18.7,10.8,6.8,0,0,0.9,0,0,0.2
"Paredes","Tâmega","Norte",9038,20382,9572,5108,2672,52,2576,1288,107,2,80,50877,17.8,40.1,18.8,10,5.3,0.1,5.1,2.5,0.2,0,0.2
"Leiria","Pinhal Litoral","Centro",8124,43172,15402,5783,1865,53,83,1289,759,0,186,76716,10.6,56.3,20.1,7.5,2.4,0.1,0.1,1.7,1,0,0.2
"Oliveira de Frades","Dão-Lafões","Centro",683,2755,1042,654,300,1,0,112,8,0,14,5569,12.3,49.5,18.7,11.7,5.4,0,0,2,0.1,0,0.3
"Alcobaça","Oeste","Centro",4162,16548,6100,2660,683,24,32,384,332,1,79,31005,13.4,53.4,19.7,8.6,2.2,0.1,0.1,1.2,1.1,0,0.3
"Reguengos de Monsaraz","Alentejo Central","Alentejo",1465,2405,1034,365,215,4,0,43,51,1,7,5590,26.2,43,18.5,6.5,3.8,0.1,0,0.8,0.9,0,0.1
"Benavente","Lezíria do Tejo","Alentejo",3405,7928,3503,1483,446,8,311,131,235,2,46,17498,19.5,45.3,20,8.5,2.5,0,1.8,0.7,1.3,0,0.3
"Estarreja","Baixo Vouga","Centro",1689,6958,2644,775,313,7,783,468,996,3,41,14677,11.5,47.4,18,5.3,2.1,0,5.3,3.2,6.8,0,0.3
"Alijó","Douro","Norte",1408,1993,803,444,416,6,10,22,6,0,15,5123,27.5,38.9,15.7,8.7,8.1,0.1,0.2,0.4,0.1,0,0.3
"Entroncamento","Médio Tejo","Centro",2524,5161,2081,540,201,15,1014,63,187,1,10,11797,21.4,43.7,17.6,4.6,1.7,0.1,8.6,0.5,1.6,0,0.1
"Monção","Minho-Lima","Norte",1184,4178,1240,657,582,4,30,123,17,1,30,8046,14.7,51.9,15.4,8.2,7.2,0,0.4,1.5,0.2,0,0.4
"Proença-a-Nova","Pinhal Interior Sul","Centro",668,1558,540,363,121,6,0,13,9,0,8,3286,20.3,47.4,16.4,11,3.7,0.2,0,0.4,0.3,0,0.2
"Murtosa","Baixo Vouga","Centro",804,2124,767,295,135,1,110,116,893,14,16,5275,15.2,40.3,14.5,5.6,2.6,0,2.1,2.2,16.9,0.3,0.3
"Ferreira do Zêzere","Médio Tejo","Centro",505,2092,559,477,265,2,18,98,31,1,18,4066,12.4,51.5,13.7,11.7,6.5,0,0.4,2.4,0.8,0,0.4
"São João da Pesqueira","Douro","Norte",1016,1296,696,551,310,3,9,15,3,0,20,3919,25.9,33.1,17.8,14.1,7.9,0.1,0.2,0.4,0.1,0,0.5
"Sertã","Pinhal Interior Sul","Centro",946,3769,1425,817,323,4,0,107,25,0,14,7430,12.7,50.7,19.2,11,4.3,0.1,0,1.4,0.3,0,0.2
"Lousã","Pinhal Interior Norte","Centro",1659,4937,2035,1007,208,2,41,181,83,0,27,10180,16.3,48.5,20,9.9,2,0,0.4,1.8,0.8,0,0.3
"Figueiró dos Vinhos","Pinhal Interior Norte","Centro",353,1343,497,179,220,0,0,50,3,0,6,2651,13.3,50.7,18.7,6.8,8.3,0,0,1.9,0.1,0,0.2
"Torre de Moncorvo","Douro","Norte",938,1551,505,321,189,1,0,10,1,0,32,3548,26.4,43.7,14.2,9,5.3,0,0,0.3,0,0,0.9
"Viana do Castelo","Minho-Lima","Norte",7271,23069,9850,4173,2150,27,546,504,305,0,103,47998,15.1,48.1,20.5,8.7,4.5,0.1,1.1,1.1,0.6,0,0.2
"Alcanena","Médio Tejo","Centro",1335,3944,1298,539,134,9,33,147,41,0,16,7496,17.8,52.6,17.3,7.2,1.8,0.1,0.4,2,0.5,0,0.2
"Barrancos","Baixo Alentejo","Alentejo",451,281,90,21,3,1,0,10,1,0,0,858,52.6,32.8,10.5,2.4,0.3,0.1,0,1.2,0.1,0,0
"Portimão","Algarve","Algarve",6409,15733,5907,2413,724,19,89,422,186,1,49,31952,20.1,49.2,18.5,7.6,2.3,0.1,0.3,1.3,0.6,0,0.2
"Peso da Régua","Douro","Norte",2467,3055,1658,808,549,3,69,23,1,0,15,8648,28.5,35.3,19.2,9.3,6.3,0,0.8,0.3,0,0,0.2
"Tavira","Algarve","Algarve",2874,6301,2424,555,383,3,300,276,191,24,18,13349,21.5,47.2,18.2,4.2,2.9,0,2.2,2.1,1.4,0.2,0.1
"Góis","Pinhal Interior Norte","Centro",356,764,255,172,178,0,0,64,6,0,2,1797,19.8,42.5,14.2,9.6,9.9,0,0,3.6,0.3,0,0.1
"Meda","Beira Interior Norte","Centro",495,920,326,202,136,0,0,9,3,0,15,2106,23.5,43.7,15.5,9.6,6.5,0,0,0.4,0.1,0,0.7
"Sobral de Monte Agraço","Oeste","Centro",866,2971,1202,657,265,4,78,40,11,0,26,6120,14.2,48.5,19.6,10.7,4.3,0.1,1.3,0.7,0.2,0,0.4
"Vila de Rei","Pinhal Interior Sul","Centro",194,682,230,110,137,1,0,23,7,0,1,1385,14,49.2,16.6,7.9,9.9,0.1,0,1.7,0.5,0,0.1
"Montemor-o-Velho","Baixo Mondego","Centro",998,7332,2249,1227,722,2,646,307,178,0,72,13733,7.3,53.4,16.4,8.9,5.3,0,4.7,2.2,1.3,0,0.5
"Ferreira do Alentejo","Baixo Alentejo","Alentejo",1099,1622,537,310,337,1,0,22,16,0,32,3976,27.6,40.8,13.5,7.8,8.5,0,0,0.6,0.4,0,0.8
"Seia","Serra da Estrela","Centro",1912,5712,2149,916,466,1,7,83,26,1,39,11312,16.9,50.5,19,8.1,4.1,0,0.1,0.7,0.2,0,0.3
"Vila Nova de Paiva","Dão-Lafões","Centro",487,876,366,211,168,1,0,6,1,0,7,2123,22.9,41.3,17.2,9.9,7.9,0,0,0.3,0,0,0.3
"Sátão","Dão-Lafões","Centro",907,2810,1074,641,356,2,0,49,16,0,20,5875,15.4,47.8,18.3,10.9,6.1,0,0,0.8,0.3,0,0.3
"Montijo","Península de Setúbal","Lisboa",5075,13424,5299,3233,898,55,161,225,281,1640,59,30350,16.7,44.2,17.5,10.7,3,0.2,0.5,0.7,0.9,5.4,0.2
"Gouveia","Serra da Estrela","Centro",1293,2651,839,586,346,4,14,69,19,0,15,5836,22.2,45.4,14.4,10,5.9,0.1,0.2,1.2,0.3,0,0.3
"Santa Maria da Feira","Entre Douro e Vouga","Norte",10025,41366,18536,7000,2116,54,821,2249,380,2,208,82757,12.1,50,22.4,8.5,2.6,0.1,1,2.7,0.5,0,0.3
"Castro Verde","Baixo Alentejo","Alentejo",1094,1579,517,391,213,3,0,23,14,0,9,3843,28.5,41.1,13.5,10.2,5.5,0.1,0,0.6,0.4,0,0.2
"Manteigas","Beira Interior Norte","Centro",566,553,232,71,20,4,0,9,1,0,0,1456,38.9,38,15.9,4.9,1.4,0.3,0,0.6,0.1,0,0
"Lagoa","Região Autónoma dos Açores","Região Autónoma dos Açores",2009,3378,1797,1103,486,0,0,70,16,3,43,8905,22.6,37.9,20.2,12.4,5.5,0,0,0.8,0.2,0,0.5
"Mealhada","Baixo Vouga","Centro",1288,6305,2229,655,310,1,517,370,165,0,23,11863,10.9,53.1,18.8,5.5,2.6,0,4.4,3.1,1.4,0,0.2
"Montemor-o-Novo","Alentejo Central","Alentejo",2315,4298,1588,503,297,10,9,81,58,0,16,9175,25.2,46.8,17.3,5.5,3.2,0.1,0.1,0.9,0.6,0,0.2
"Oliveira do Bairro","Baixo Vouga","Centro",1109,7184,2805,791,251,1,277,403,352,0,25,13198,8.4,54.4,21.3,6,1.9,0,2.1,3.1,2.7,0,0.2
"Paredes de Coura","Minho-Lima","Norte",487,2136,708,474,312,2,0,92,2,0,14,4227,11.5,50.5,16.7,11.2,7.4,0,0,2.2,0,0,0.3
"Golegã","Lezíria do Tejo","Alentejo",609,1268,400,197,77,2,109,20,192,0,5,2879,21.2,44,13.9,6.8,2.7,0.1,3.8,0.7,6.7,0,0.2
"Porto","Grande Porto","Norte",26647,46109,17278,21099,965,9284,772,579,272,6,262,123273,21.6,37.4,14,17.1,0.8,7.5,0.6,0.5,0.2,0,0.2
"Calheta (R.A.A.)","Região Autónoma dos Açores","Região Autónoma dos Açores",307,970,311,178,292,0,0,34,1,0,7,2100,14.6,46.2,14.8,8.5,13.9,0,0,1.6,0,0,0.3
"Mira","Baixo Mondego","Centro",606,3139,1202,393,139,0,29,134,355,0,35,6032,10,52,19.9,6.5,2.3,0,0.5,2.2,5.9,0,0.6
"Matosinhos","Grande Porto","Norte",16422,45053,17468,13284,1191,7130,286,793,363,3,256,102249,16.1,44.1,17.1,13,1.2,7,0.3,0.8,0.4,0,0.3
"Alandroal","Alentejo Central","Alentejo",443,1099,362,345,316,2,0,20,7,0,8,2602,17,42.2,13.9,13.3,12.1,0.1,0,0.8,0.3,0,0.3
"Penacova","Baixo Mondego","Centro",696,3853,1287,1330,564,0,14,91,13,0,24,7872,8.8,48.9,16.3,16.9,7.2,0,0.2,1.2,0.2,0,0.3
"Armamar","Douro","Norte",646,1053,398,413,219,2,0,19,1,0,10,2761,23.4,38.1,14.4,15,7.9,0.1,0,0.7,0,0,0.4
"Campo Maior","Alto Alentejo","Alentejo",1656,1658,683,244,199,0,0,20,5,0,4,4469,37.1,37.1,15.3,5.5,4.5,0,0,0.4,0.1,0,0.1
"Penafiel","Tâmega","Norte",6041,15169,7569,5535,4567,34,2059,500,28,1,118,41621,14.5,36.4,18.2,13.3,11,0.1,4.9,1.2,0.1,0,0.3
"Rio Maior","Lezíria do Tejo","Alentejo",2032,5976,2142,957,384,7,45,86,66,0,42,11737,17.3,50.9,18.2,8.2,3.3,0.1,0.4,0.7,0.6,0,0.4
"Oleiros","Pinhal Interior Sul","Centro",364,981,312,139,97,2,4,20,3,0,11,1933,18.8,50.8,16.1,7.2,5,0.1,0.2,1,0.2,0,0.6
"Coimbra","Baixo Mondego","Centro",9138,43820,16645,12589,1479,34,520,828,156,0,149,85358,10.7,51.3,19.5,14.7,1.7,0,0.6,1,0.2,0,0.2
"Esposende","Cávado","Norte",2880,9078,3576,2363,1026,61,23,425,358,1,91,19882,14.5,45.7,18,11.9,5.2,0.3,0.1,2.1,1.8,0,0.5
"Vila do Bispo","Algarve","Algarve",696,1080,372,347,68,1,0,73,65,2,2,2706,25.7,39.9,13.7,12.8,2.5,0,0,2.7,2.4,0.1,0.1
"Penela","Pinhal Interior Norte","Centro",296,1480,475,353,159,1,0,36,4,0,9,2813,10.5,52.6,16.9,12.5,5.7,0,0,1.3,0.1,0,0.3
"Ponte de Sor","Alto Alentejo","Alentejo",1848,3442,1427,509,347,3,20,87,131,0,27,7841,23.6,43.9,18.2,6.5,4.4,0,0.3,1.1,1.7,0,0.3
"Macedo de Cavaleiros","Alto Trás-os-Montes","Norte",1808,2941,1026,592,353,1,0,31,5,0,71,6828,26.5,43.1,15,8.7,5.2,0,0,0.5,0.1,0,1
"Lagos","Algarve","Algarve",4228,7536,3096,1454,362,7,83,244,129,1,30,17170,24.6,43.9,18,8.5,2.1,0,0.5,1.4,0.8,0,0.2
"São Roque do Pico","Região Autónoma dos Açores","Região Autónoma dos Açores",230,881,385,123,183,0,0,19,7,3,3,1834,12.5,48,21,6.7,10,0,0,1,0.4,0.2,0.2
"Porto de Mós","Pinhal Litoral","Centro",1796,7256,2570,1107,656,5,7,195,115,0,25,13732,13.1,52.8,18.7,8.1,4.8,0,0.1,1.4,0.8,0,0.2
"Miranda do Corvo","Pinhal Interior Norte","Centro",856,3401,1369,1244,279,1,65,63,14,0,14,7306,11.7,46.6,18.7,17,3.8,0,0.9,0.9,0.2,0,0.2
"Moura","Baixo Alentejo","Alentejo",3010,2586,1001,466,146,7,0,33,27,0,29,7305,41.2,35.4,13.7,6.4,2,0.1,0,0.5,0.4,0,0.4
"Mora","Alto Alentejo","Alentejo",780,876,303,150,70,3,0,45,7,0,9,2243,34.8,39.1,13.5,6.7,3.1,0.1,0,2,0.3,0,0.4
"Ourique","Baixo Alentejo","Alentejo",698,1050,303,180,165,0,5,13,10,0,5,2429,28.7,43.2,12.5,7.4,6.8,0,0.2,0.5,0.4,0,0.2
"Albufeira","Algarve","Algarve",4232,12258,5005,2024,797,7,123,288,153,1,43,24931,17,49.2,20.1,8.1,3.2,0,0.5,1.2,0.6,0,0.2
"Penalva do Castelo","Dão-Lafões","Centro",515,1552,592,357,313,0,14,70,3,0,9,3425,15,45.3,17.3,10.4,9.1,0,0.4,2,0.1,0,0.3
"Nazaré","Oeste","Centro",1828,3661,1248,769,134,10,16,99,33,0,44,7842,23.3,46.7,15.9,9.8,1.7,0.1,0.2,1.3,0.4,0,0.6
"Alfândega da Fé","Alto Trás-os-Montes","Norte",557,985,324,152,87,2,0,8,2,0,19,2136,26.1,46.1,15.2,7.1,4.1,0.1,0,0.4,0.1,0,0.9
"Marvão","Alto Alentejo","Alentejo",274,753,235,143,77,0,0,15,5,0,1,1503,18.2,50.1,15.6,9.5,5.1,0,0,1,0.3,0,0.1
"Montalegre","Alto Trás-os-Montes","Norte",810,1517,492,464,406,3,0,5,1,0,7,3705,21.9,40.9,13.3,12.5,11,0.1,0,0.1,0,0,0.2
"Santa Comba Dão","Dão-Lafões","Centro",720,2755,944,651,320,1,33,103,31,0,16,5574,12.9,49.4,16.9,11.7,5.7,0,0.6,1.8,0.6,0,0.3
"Vila Real de Santo António","Algarve","Algarve",3725,3679,1362,338,151,3,117,150,390,0,9,9924,37.5,37.1,13.7,3.4,1.5,0,1.2,1.5,3.9,0,0.1
"Paços de Ferreira","Tâmega","Norte",6750,13862,6690,3850,1626,4,60,1180,188,1,47,34258,19.7,40.5,19.5,11.2,4.7,0,0.2,3.4,0.5,0,0.1
"Viana do Alentejo","Alentejo Central","Alentejo",875,1359,575,157,74,2,8,37,31,0,20,3138,27.9,43.3,18.3,5,2.4,0.1,0.3,1.2,1,0,0.6
"Bombarral","Oeste","Centro",1417,3222,1090,618,247,7,123,62,56,0,46,6888,20.6,46.8,15.8,9,3.6,0.1,1.8,0.9,0.8,0,0.7
"Arganil","Pinhal Interior Norte","Centro",937,2606,1045,595,236,2,6,178,25,0,19,5649,16.6,46.1,18.5,10.5,4.2,0,0.1,3.2,0.4,0,0.3
"Cabeceiras de Basto","Tâmega","Norte",1377,3153,1693,1186,515,4,0,64,6,0,26,8024,17.2,39.3,21.1,14.8,6.4,0,0,0.8,0.1,0,0.3
"Sernancelhe","Douro","Norte",529,934,342,352,155,2,0,17,6,0,7,2344,22.6,39.8,14.6,15,6.6,0.1,0,0.7,0.3,0,0.3
"Castelo de Paiva","Tâmega","Norte",1205,3337,1596,1167,1007,6,25,112,4,0,19,8478,14.2,39.4,18.8,13.8,11.9,0.1,0.3,1.3,0,0,0.2
"Povoação","Região Autónoma dos Açores","Região Autónoma dos Açores",981,1141,480,472,321,0,0,32,8,1,8,3444,28.5,33.1,13.9,13.7,9.3,0,0,0.9,0.2,0,0.2
"Monforte","Alto Alentejo","Alentejo",517,529,232,120,100,1,0,7,4,0,8,1518,34.1,34.8,15.3,7.9,6.6,0.1,0,0.5,0.3,0,0.5
"Seixal","Península de Setúbal","Lisboa",14135,33875,13947,11777,2101,1309,14337,568,291,1979,267,94586,14.9,35.8,14.7,12.5,2.2,1.4,15.2,0.6,0.3,2.1,0.3
"Tomar","Médio Tejo","Centro",3507,9803,3882,1604,295,25,488,331,87,0,48,20070,17.5,48.8,19.3,8,1.5,0.1,2.4,1.6,0.4,0,0.2
"Coruche","Lezíria do Tejo","Alentejo",1313,4669,1735,804,778,10,13,109,64,0,45,9540,13.8,48.9,18.2,8.4,8.2,0.1,0.1,1.1,0.7,0,0.5
"Vila Nova de Poiares","Pinhal Interior Norte","Centro",438,2092,914,264,237,0,0,76,19,0,8,4048,10.8,51.7,22.6,6.5,5.9,0,0,1.9,0.5,0,0.2
"Tábua","Pinhal Interior Norte","Centro",754,2843,1169,720,340,0,8,128,31,0,17,6010,12.5,47.3,19.5,12,5.7,0,0.1,2.1,0.5,0,0.3
"Mesão Frio","Douro","Norte",468,648,383,280,122,2,26,14,0,0,9,1952,24,33.2,19.6,14.3,6.3,0.1,1.3,0.7,0,0,0.5
"Soure","Baixo Mondego","Centro",845,4851,1358,807,543,0,699,205,53,0,14,9375,9,51.7,14.5,8.6,5.8,0,7.5,2.2,0.6,0,0.1
"Fronteira","Alto Alentejo","Alentejo",489,728,282,96,53,0,0,13,15,0,2,1678,29.1,43.4,16.8,5.7,3.2,0,0,0.8,0.9,0,0.1
"Ponte da Barca","Minho-Lima","Norte",988,2482,899,635,337,2,0,55,7,0,14,5419,18.2,45.8,16.6,11.7,6.2,0,0,1,0.1,0,0.3
"Melgaço","Minho-Lima","Norte",713,1459,450,217,303,3,0,58,1,0,10,3214,22.2,45.4,14,6.8,9.4,0.1,0,1.8,0,0,0.3
"Santarém","Lezíria do Tejo","Alentejo",4864,16901,6833,2789,914,50,834,298,118,0,97,33698,14.4,50.2,20.3,8.3,2.7,0.1,2.5,0.9,0.4,0,0.3
"Barreiro","Península de Setúbal","Lisboa",8292,12923,5067,6396,1157,453,1138,147,118,6887,84,42662,19.4,30.3,11.9,15,2.7,1.1,2.7,0.3,0.3,16.1,0.2
"Abrantes","Médio Tejo","Centro",2909,9505,3690,1654,508,17,316,281,176,0,72,19128,15.2,49.7,19.3,8.6,2.7,0.1,1.7,1.5,0.9,0,0.4
"Almeirim","Lezíria do Tejo","Alentejo",2132,5965,2403,839,473,6,236,175,272,0,24,12525,17,47.6,19.2,6.7,3.8,0,1.9,1.4,2.2,0,0.2
"Mondim de Basto","Tâmega","Norte",752,1168,494,656,274,0,0,47,1,0,5,3397,22.1,34.4,14.5,19.3,8.1,0,0,1.4,0,0,0.1
"Santa Cruz das Flores","Região Autónoma dos Açores","Região Autónoma dos Açores",243,581,296,70,82,0,0,12,1,0,4,1289,18.9,45.1,23,5.4,6.4,0,0,0.9,0.1,0,0.3
"Salvaterra de Magos","Lezíria do Tejo","Alentejo",1524,5236,2109,1170,596,4,113,156,252,0,39,11199,13.6,46.8,18.8,10.4,5.3,0,1,1.4,2.3,0,0.3
"Nelas","Dão-Lafões","Centro",1263,3615,1191,550,98,0,28,109,32,0,9,6895,18.3,52.4,17.3,8,1.4,0,0.4,1.6,0.5,0,0.1
"Vila Viçosa","Alentejo Central","Alentejo",1212,1853,689,300,209,2,0,49,18,0,4,4336,28,42.7,15.9,6.9,4.8,0,0,1.1,0.4,0,0.1
"Vila Franca do Campo","Região Autónoma dos Açores","Região Autónoma dos Açores",1747,1906,977,820,678,0,0,16,5,1,22,6172,28.3,30.9,15.8,13.3,11,0,0,0.3,0.1,0,0.4
"Lamego","Douro","Norte",2882,5593,2694,1484,876,9,54,49,9,0,38,13688,21.1,40.9,19.7,10.8,6.4,0.1,0.4,0.4,0.1,0,0.3
"Arruda dos Vinhos","Oeste","Centro",1062,4199,1691,880,292,8,218,61,12,0,35,8458,12.6,49.6,20,10.4,3.5,0.1,2.6,0.7,0.1,0,0.4
"Horta","Região Autónoma dos Açores","Região Autónoma dos Açores",1136,4347,2245,565,374,0,0,230,23,35,46,9001,12.6,48.3,24.9,6.3,4.2,0,0,2.6,0.3,0.4,0.5
"Porto Santo","Região Autónoma da Madeira","Região Autónoma da Madeira",502,1531,608,249,48,0,0,209,33,5,5,3190,15.7,48,19.1,7.8,1.5,0,0,6.6,1,0.2,0.2
"Machico","Região Autónoma da Madeira","Região Autónoma da Madeira",2801,4386,2032,2105,551,0,0,36,1,7,15,11934,23.5,36.8,17,17.6,4.6,0,0,0.3,0,0.1,0.1
"Castelo de Vide","Alto Alentejo","Alentejo",610,613,206,107,31,0,0,7,3,0,5,1582,38.6,38.7,13,6.8,2,0,0,0.4,0.2,0,0.3
"Aguiar da Beira","Dão-Lafões","Centro",450,1043,319,263,121,3,0,30,4,0,15,2248,20,46.4,14.2,11.7,5.4,0.1,0,1.3,0.2,0,0.7
"Anadia","Baixo Vouga","Centro",1392,8318,3277,903,355,6,306,698,488,0,35,15778,8.8,52.7,20.8,5.7,2.2,0,1.9,4.4,3.1,0,0.2
"Penedono","Douro","Norte",314,502,180,118,147,0,0,9,0,0,5,1275,24.6,39.4,14.1,9.3,11.5,0,0,0.7,0,0,0.4
"Évora","Alentejo Central","Alentejo",5779,16821,7790,1743,304,26,15,399,159,0,47,33083,17.5,50.8,23.5,5.3,0.9,0.1,0,1.2,0.5,0,0.1
"Amares","Cávado","Norte",1658,4586,1891,1591,559,2,49,137,36,0,18,10527,15.7,43.6,18,15.1,5.3,0,0.5,1.3,0.3,0,0.2
"Marinha Grande","Pinhal Litoral","Centro",2860,12234,4530,904,264,10,11,432,745,0,23,22013,13,55.6,20.6,4.1,1.2,0,0,2,3.4,0,0.1
"Vila Real","Douro","Norte",4532,14919,6074,3167,686,10,0,143,19,0,79,29629,15.3,50.4,20.5,10.7,2.3,0,0,0.5,0.1,0,0.3
"Alter do Chão","Alto Alentejo","Alentejo",608,590,204,94,69,2,0,5,4,0,3,1579,38.5,37.4,12.9,6,4.4,0.1,0,0.3,0.3,0,0.2
"Estremoz","Alentejo Central","Alentejo",1789,3567,1249,343,261,7,0,53,19,0,16,7304,24.5,48.8,17.1,4.7,3.6,0.1,0,0.7,0.3,0,0.2
"Lagoa","Algarve","Algarve",2309,6449,2631,964,232,5,34,226,109,0,21,12980,17.8,49.7,20.3,7.4,1.8,0,0.3,1.7,0.8,0,0.2
"Baião","Tâmega","Norte",1118,2942,1431,1528,1127,11,171,96,3,0,29,8456,13.2,34.8,16.9,18.1,13.3,0.1,2,1.1,0,0,0.3
"Mogadouro","Alto Trás-os-Montes","Norte",1084,1652,517,304,145,1,0,1,4,0,60,3768,28.8,43.8,13.7,8.1,3.8,0,0,0,0.1,0,1.6
